Series Name,Series Code,Country Name,Country Code,1990 [YR1990],2000 [YR2000],2015 [YR2015],2016 [YR2016],2017 [YR2017],2018 [YR2018],2019 [YR2019],2020 [YR2020],2021 [YR2021],2022 [YR2022],2023 [YR2023],2024 [YR2024]
Carbon dioxide (CO2) emissions (total) excluding LULUCF (Mt CO2e),EN.GHG.CO2.MT.CE.AR5,Afghanistan,AFG,2.9084,1.0093,8.4272,7.6117,10.3972,11.8099,12.1046,12.1436,12.4864,11.298,11.6486,12.0684
Carbon dioxide (CO2) emissions (total) excluding LULUCF (Mt CO2e),EN.GHG.CO2.MT.CE.AR5,Albania,ALB,6.6451,3.2329,4.8756,4.5382,5.3613,5.3341,4.984,4.5676,5.1122,4.5239,4.2226,4.2437
Carbon dioxide (CO2) emissions (total) excluding LULUCF (Mt CO2e),EN.GHG.CO2.MT.CE.AR5,Algeria,DZA,72.1599,87.9391,164.5785,160.7458,166.3203,174.8053,181.6864,171.9505,181.3215,189.1886,190.5786,186.3584
Carbon dioxide (CO2) emissions (total) excluding LULUCF (Mt CO2e),EN.GHG.CO2.MT.CE.AR5,American Samoa,ASM,0.0001,0.0001,0.0001,0.0001,0.0001,0.0001,0.0001,0.0001,0.0001,0.0001,0.0001,0.0001
Carbon dioxide (CO2) emissions (total) excluding LULUCF (Mt CO2e),EN.GHG.CO2.MT.CE.AR5,Andorra,AND,..,..,..,..,..,..,..,..,..,..,..,..
Carbon dioxide (CO2) emissions (total) excluding LULUCF (Mt CO2e),EN.GHG.CO2.MT.CE.AR5,Angola,AGO,11.2308,16.512,33.0865,31.2748,27.9951,25.8142,26.9963,20.538,25.5641,26.6839,27.336,28.1004
Carbon dioxide (CO2) emissions (total) excluding LULUCF (Mt CO2e),EN.GHG.CO2.MT.CE.AR5,Antigua and Barbuda,ATG,0.164,0.1357,0.291,0.3149,0.2772,0.2872,0.3426,0.326,0.3315,0.343,0.3441,0.3562
Carbon dioxide (CO2) emissions (total) excluding LULUCF (Mt CO2e),EN.GHG.CO2.MT.CE.AR5,Argentina,ARG,100.1958,136.7561,196.1938,194.1404,191.3736,189.8171,183.2687,168.1154,185.676,195.0411,189.8908,183.272
Carbon dioxide (CO2) emissions (total) excluding LULUCF (Mt CO2e),EN.GHG.CO2.MT.CE.AR5,Armenia,ARM,20.7801,3.5697,5.6172,5.3749,5.6892,5.9516,6.4247,6.9145,7.4634,7.7742,7.4987,7.4936
Carbon dioxide (CO2) emissions (total) excluding LULUCF (Mt CO2e),EN.GHG.CO2.MT.CE.AR5,Aruba,ABW,0.201,0.2689,0.4625,0.4854,0.4671,0.4653,0.5095,0.4887,0.5074,0.5355,0.5371,0.556
Carbon dioxide (CO2) emissions (total) excluding LULUCF (Mt CO2e),EN.GHG.CO2.MT.CE.AR5,Australia,AUS,277.715,353.8956,400.6316,408.6132,411.2113,409.2476,407.9086,392.5458,384.7347,378.0651,377.4957,383.4031
Carbon dioxide (CO2) emissions (total) excluding LULUCF (Mt CO2e),EN.GHG.CO2.MT.CE.AR5,Austria,AUT,61.564,66.6946,67.3632,67.7745,70.0851,67.2508,68.7767,62.9162,66.2034,62.6472,58.4761,58.0304
Carbon dioxide (CO2) emissions (total) excluding LULUCF (Mt CO2e),EN.GHG.CO2.MT.CE.AR5,Azerbaijan,AZE,56.1244,28.7946,34.5229,34.4155,34.226,34.7625,36.9819,35.4067,37.4242,39.6836,41.7458,38.8875
Carbon dioxide (CO2) emissions (total) excluding LULUCF (Mt CO2e),EN.GHG.CO2.MT.CE.AR5,"Bahamas, The",BHS,1.0865,0.9973,1.1204,1.2455,1.3738,1.2106,1.4505,1.1733,1.4488,1.4055,1.4098,1.4592
Carbon dioxide (CO2) emissions (total) excluding LULUCF (Mt CO2e),EN.GHG.CO2.MT.CE.AR5,Bahrain,BHR,11.997,17.7715,33.4691,33.4571,33.7521,33.822,36.8474,36.8402,37.3578,38.8307,38.689,37.9692
Carbon dioxide (CO2) emissions (total) excluding LULUCF (Mt CO2e),EN.GHG.CO2.MT.CE.AR5,Bangladesh,BGD,14.767,26.9773,85.4452,93.9921,101.0415,105.1823,109.3222,104.1229,117.7683,120.8657,118.9891,124.1907
Carbon dioxide (CO2) emissions (total) excluding LULUCF (Mt CO2e),EN.GHG.CO2.MT.CE.AR5,Barbados,BRB,0.6158,0.588,0.7195,0.7728,0.6819,0.7782,0.8686,0.6726,0.6515,0.6889,0.6906,0.7128
Carbon dioxide (CO2) emissions (total) excluding LULUCF (Mt CO2e),EN.GHG.CO2.MT.CE.AR5,Belarus,BLR,105.5332,56.2599,59.1683,59.0629,60.2218,63.4486,61.2475,58.1601,58.6423,55.8945,53.8204,54.2158
Carbon dioxide (CO2) emissions (total) excluding LULUCF (Mt CO2e),EN.GHG.CO2.MT.CE.AR5,Belgium,BEL,115.8157,124.8977,102.4165,101.3516,99.7694,100.4585,100.3135,91.9274,96.0214,89.6767,85.7301,86.6463
Carbon dioxide (CO2) emissions (total) excluding LULUCF (Mt CO2e),EN.GHG.CO2.MT.CE.AR5,Belize,BLZ,0.1265,0.1397,0.2472,0.2608,0.2847,0.2846,0.3982,0.3186,0.3361,0.3545,0.3756,0.3889
Carbon dioxide (CO2) emissions (total) excluding LULUCF (Mt CO2e),EN.GHG.CO2.MT.CE.AR5,Benin,BEN,0.3986,1.5461,5.8104,7.1473,7.2445,8.251,8.1435,8.7059,6.7467,7.0594,6.8922,7.0481
Carbon dioxide (CO2) emissions (total) excluding LULUCF (Mt CO2e),EN.GHG.CO2.MT.CE.AR5,Bermuda,BMU,0.2525,0.1504,0.2307,0.3117,0.2853,0.3009,0.3025,0.2142,0.2447,0.2575,0.2583,0.2673
Carbon dioxide (CO2) emissions (total) excluding LULUCF (Mt CO2e),EN.GHG.CO2.MT.CE.AR5,Bhutan,BTN,0.1807,0.4054,1.3096,1.4244,1.4736,1.7505,1.8063,1.4131,1.5445,1.5172,1.5607,1.5919
Carbon dioxide (CO2) emissions (total) excluding LULUCF (Mt CO2e),EN.GHG.CO2.MT.CE.AR5,Bolivia,BOL,6.5843,8.2048,19.9523,21.3607,21.7833,21.9655,21.9997,18.5659,21.8696,23.3823,24.4241,28.4356
Carbon dioxide (CO2) emissions (total) excluding LULUCF (Mt CO2e),EN.GHG.CO2.MT.CE.AR5,Bosnia and Herzegovina,BIH,24.5739,14.2812,20.8309,23.5062,23.9898,24.0642,22.5975,22.5364,23.0097,22.3986,20.8288,20.4074
Carbon dioxide (CO2) emissions (total) excluding LULUCF (Mt CO2e),EN.GHG.CO2.MT.CE.AR5,Botswana,BWA,2.823,4.0996,7.091,6.7524,7.4408,8.2088,7.342,6.0919,6.5464,6.8377,6.7207,6.9016
Carbon dioxide (CO2) emissions (total) excluding LULUCF (Mt CO2e),EN.GHG.CO2.MT.CE.AR5,Brazil,BRA,226.8889,349.4076,517.9408,482.7112,494.7579,471.0836,468.5794,447.921,506.2334,479.2664,480.235,491.4688
Carbon dioxide (CO2) emissions (total) excluding LULUCF (Mt CO2e),EN.GHG.CO2.MT.CE.AR5,British Virgin Islands,VGB,0.0183,0.0278,0.0717,0.0772,0.0671,0.0665,0.0874,0.0846,0.0845,0.0884,0.0887,0.0918
Carbon dioxide (CO2) emissions (total) excluding LULUCF (Mt CO2e),EN.GHG.CO2.MT.CE.AR5,Brunei Darussalam,BRN,4.3001,6.0748,7.3653,7.8994,7.8716,8.0303,7.6035,10.1279,9.9862,9.5371,9.7036,9.3667
Carbon dioxide (CO2) emissions (total) excluding LULUCF (Mt CO2e),EN.GHG.CO2.MT.CE.AR5,Bulgaria,BGR,80.0543,48.1779,49.8572,47.1301,49.2832,46.3135,44.6358,39.4151,45.8711,49.4431,36.9706,34.1885
Carbon dioxide (CO2) emissions (total) excluding LULUCF (Mt CO2e),EN.GHG.CO2.MT.CE.AR5,Burkina Faso,BFA,0.3273,0.8726,3.9361,3.9314,4.5408,5.412,5.6993,5.7011,6.4371,6.4885,6.2637,6.4757
Carbon dioxide (CO2) emissions (total) excluding LULUCF (Mt CO2e),EN.GHG.CO2.MT.CE.AR5,Burundi,BDI,0.2008,0.2925,0.435,0.4859,0.5463,0.7765,0.7652,0.9258,0.8974,0.9301,0.9495,0.9687
Carbon dioxide (CO2) emissions (total) excluding LULUCF (Mt CO2e),EN.GHG.CO2.MT.CE.AR5,Cabo Verde,CPV,0.0538,0.2802,0.7908,0.8304,0.8881,0.7961,0.8379,0.6283,0.6479,0.6801,0.6508,0.6762
Carbon dioxide (CO2) emissions (total) excluding LULUCF (Mt CO2e),EN.GHG.CO2.MT.CE.AR5,Cambodia,KHM,0.4298,2.0014,8.5196,10.5961,11.828,12.3125,15.7108,18.6332,18.4826,18.3849,18.9162,19.4392
Carbon dioxide (CO2) emissions (total) excluding LULUCF (Mt CO2e),EN.GHG.CO2.MT.CE.AR5,Cameroon,CMR,4.7565,5.7263,9.1854,9.7014,9.8633,10.5484,10.2711,10.388,10.3491,10.4339,10.3329,10.2929
Carbon dioxide (CO2) emissions (total) excluding LULUCF (Mt CO2e),EN.GHG.CO2.MT.CE.AR5,Canada,CAN,440.5009,543.1076,574.3793,574.0983,591.893,612.5836,609.0758,548.4454,561.7344,575.8352,567.0969,577.9726
Carbon dioxide (CO2) emissions (total) excluding LULUCF (Mt CO2e),EN.GHG.CO2.MT.CE.AR5,Cayman Islands,CYM,0.1157,0.1321,0.2509,0.2632,0.281,0.3092,0.3935,0.3319,0.3141,0.3582,0.3594,0.372
Carbon dioxide (CO2) emissions (total) excluding LULUCF (Mt CO2e),EN.GHG.CO2.MT.CE.AR5,Central African Republic,CAF,0.1593,0.2564,0.2334,0.2515,0.2647,0.2935,0.3024,0.3184,0.3227,0.3225,0.3325,0.3374
Carbon dioxide (CO2) emissions (total) excluding LULUCF (Mt CO2e),EN.GHG.CO2.MT.CE.AR5,Chad,TCD,0.2354,0.2404,1.6134,1.6907,2.2104,2.4139,2.3645,2.4133,2.7311,2.865,2.9088,2.8928
Carbon dioxide (CO2) emissions (total) excluding LULUCF (Mt CO2e),EN.GHG.CO2.MT.CE.AR5,Channel Islands,CHI,..,..,..,..,..,..,..,..,..,..,..,..
Carbon dioxide (CO2) emissions (total) excluding LULUCF (Mt CO2e),EN.GHG.CO2.MT.CE.AR5,Chile,CHL,33.2212,53.8569,84.3798,88.8653,89.7525,89.8194,95.2476,87.5108,89.1084,90.4279,77.0074,77.8226
Carbon dioxide (CO2) emissions (total) excluding LULUCF (Mt CO2e),EN.GHG.CO2.MT.CE.AR5,China,CHN,2414.2762,3647.8773,10749.8966,10773.7258,10999.4188,11527.5117,11813.0582,11964.1285,12551.8645,12518.6844,13021.242,13124.728
Carbon dioxide (CO2) emissions (total) excluding LULUCF (Mt CO2e),EN.GHG.CO2.MT.CE.AR5,Colombia,COL,53.2018,63.4164,86.2165,88.4935,80.9994,85.3965,86.0607,84.3026,92.1683,88.3446,92.7973,95.0793
Carbon dioxide (CO2) emissions (total) excluding LULUCF (Mt CO2e),EN.GHG.CO2.MT.CE.AR5,Comoros,COM,0.0393,0.0901,0.1712,0.2004,0.2607,0.2073,0.226,0.2687,0.3972,0.4298,0.4383,0.4463
Carbon dioxide (CO2) emissions (total) excluding LULUCF (Mt CO2e),EN.GHG.CO2.MT.CE.AR5,"Congo, Dem. Rep.",COD,3.3705,1.8775,3.5927,2.9906,3.2547,4.1619,4.4459,4.6314,4.6277,6.2475,6.1404,6.2096
Carbon dioxide (CO2) emissions (total) excluding LULUCF (Mt CO2e),EN.GHG.CO2.MT.CE.AR5,"Congo, Rep.",COG,2.3845,4.5119,5.7506,5.5904,5.5312,6.422,7.2394,7.403,7.108,8.3582,7.8674,8.4568
Carbon dioxide (CO2) emissions (total) excluding LULUCF (Mt CO2e),EN.GHG.CO2.MT.CE.AR5,Costa Rica,CRI,2.9164,5.1314,7.7578,8.2325,8.396,8.4405,8.193,7.1754,8.0531,8.1977,8.0978,8.3763
Carbon dioxide (CO2) emissions (total) excluding LULUCF (Mt CO2e),EN.GHG.CO2.MT.CE.AR5,Cote d'Ivoire,CIV,2.9721,6.9672,11.265,11.4035,12.33,12.3432,13.1832,13.2881,17.2006,18.4103,17.925,18.811
Carbon dioxide (CO2) emissions (total) excluding LULUCF (Mt CO2e),EN.GHG.CO2.MT.CE.AR5,Croatia,HRV,24.0236,19.378,18.0245,18.2746,18.7971,17.7661,17.9722,17.1915,17.5067,17.6346,18.6644,18.6796
Carbon dioxide (CO2) emissions (total) excluding LULUCF (Mt CO2e),EN.GHG.CO2.MT.CE.AR5,Cuba,CUB,38.665,28.9959,29.4411,27.3043,26.5091,26.7819,22.292,18.4817,21.7552,19.7637,20.0277,21.0042
Carbon dioxide (CO2) emissions (total) excluding LULUCF (Mt CO2e),EN.GHG.CO2.MT.CE.AR5,Curacao,CUW,..,..,..,..,..,..,..,..,..,..,..,..
Carbon dioxide (CO2) emissions (total) excluding LULUCF (Mt CO2e),EN.GHG.CO2.MT.CE.AR5,Cyprus,CYP,4.6392,7.1329,6.8562,7.2219,7.3632,7.214,7.2168,6.8024,6.9192,7.2231,7.2032,7.3411
Carbon dioxide (CO2) emissions (total) excluding LULUCF (Mt CO2e),EN.GHG.CO2.MT.CE.AR5,Czechia,CZE,165.4996,132.3167,108.2916,109.8148,110.3808,109.3448,103.7793,94.8596,99.5152,97.6888,85.6093,77.7492
Carbon dioxide (CO2) emissions (total) excluding LULUCF (Mt CO2e),EN.GHG.CO2.MT.CE.AR5,Denmark,DNK,52.4314,53.1494,34.0712,35.6784,33.5457,33.5379,30.0794,27.7879,29.5641,28.4942,26.2104,25.5708
Carbon dioxide (CO2) emissions (total) excluding LULUCF (Mt CO2e),EN.GHG.CO2.MT.CE.AR5,Djibouti,DJI,0.9747,0.7336,0.8163,0.7455,0.6766,0.7356,0.8336,0.7459,0.8197,0.8668,0.88,0.8947
Carbon dioxide (CO2) emissions (total) excluding LULUCF (Mt CO2e),EN.GHG.CO2.MT.CE.AR5,Dominica,DMA,0.0213,0.0542,0.0724,0.0777,0.0692,0.0715,0.0862,0.0771,0.0764,0.0812,0.0814,0.0843
Carbon dioxide (CO2) emissions (total) excluding LULUCF (Mt CO2e),EN.GHG.CO2.MT.CE.AR5,Dominican Republic,DOM,8.0187,19.0138,23.8738,24.8714,23.7887,25.6286,28.4615,26.926,29.6681,32.1128,32.7889,34.2225
Carbon dioxide (CO2) emissions (total) excluding LULUCF (Mt CO2e),EN.GHG.CO2.MT.CE.AR5,Ecuador,ECU,17.5569,22.0624,43.2759,42.0681,41.0581,42.2145,41.9254,36.5986,41.1607,44.1693,46.7901,47.9638
Carbon dioxide (CO2) emissions (total) excluding LULUCF (Mt CO2e),EN.GHG.CO2.MT.CE.AR5,"Egypt, Arab Rep.",EGY,91.5122,127.9157,239.4139,250.123,261.7067,256.219,237.0298,246.184,261.6313,258.9936,275.8365,291.6386
Carbon dioxide (CO2) emissions (total) excluding LULUCF (Mt CO2e),EN.GHG.CO2.MT.CE.AR5,El Salvador,SLV,2.5946,5.7988,7.2649,7.3283,6.6321,7.1022,8.1068,6.6535,7.532,8.4658,9.2365,9.5434
Carbon dioxide (CO2) emissions (total) excluding LULUCF (Mt CO2e),EN.GHG.CO2.MT.CE.AR5,Equatorial Guinea,GNQ,0.0711,2.7446,5.4069,5.3893,4.887,5.3152,5.1224,4.9101,5.0308,5.0888,4.7651,4.8269
Carbon dioxide (CO2) emissions (total) excluding LULUCF (Mt CO2e),EN.GHG.CO2.MT.CE.AR5,Eritrea,ERI,0.3292,0.6703,0.5776,0.5972,0.5861,0.6551,0.6736,0.6715,0.7119,0.7499,0.7642,0.778
Carbon dioxide (CO2) emissions (total) excluding LULUCF (Mt CO2e),EN.GHG.CO2.MT.CE.AR5,Estonia,EST,40.0401,17.8215,21.0222,20.5878,21.9647,23.6488,15.4629,12.1329,12.9256,15.0182,11.4741,10.6485
Carbon dioxide (CO2) emissions (total) excluding LULUCF (Mt CO2e),EN.GHG.CO2.MT.CE.AR5,Eswatini,SWZ,1.1058,1.0976,0.9809,1.0469,1.0618,1.0621,1.1361,0.9606,0.9892,1.0765,1.0784,1.0941
Carbon dioxide (CO2) emissions (total) excluding LULUCF (Mt CO2e),EN.GHG.CO2.MT.CE.AR5,Ethiopia,ETH,2.1875,3.8766,13.5098,16.0312,15.8736,17.4696,18.4825,18.0158,19.0941,18.3349,19.0165,19.3648
Carbon dioxide (CO2) emissions (total) excluding LULUCF (Mt CO2e),EN.GHG.CO2.MT.CE.AR5,Faroe Islands,FRO,0.0016,0.0018,0.002,0.002,0.002,0.0021,0.0021,0.0021,0.0021,0.0021,0.0021,0.0021
Carbon dioxide (CO2) emissions (total) excluding LULUCF (Mt CO2e),EN.GHG.CO2.MT.CE.AR5,Fiji,FJI,1.0082,1.4433,1.6172,1.5925,1.5406,1.6549,1.619,1.0743,1.3427,1.4343,1.4378,1.5067
Carbon dioxide (CO2) emissions (total) excluding LULUCF (Mt CO2e),EN.GHG.CO2.MT.CE.AR5,Finland,FIN,56.2262,57.5279,45.9758,48.8071,46.0759,47.4392,44.1412,39.474,39.3124,37.1238,32.8867,31.1074
Carbon dioxide (CO2) emissions (total) excluding LULUCF (Mt CO2e),EN.GHG.CO2.MT.CE.AR5,France,FRA,384.9829,400.866,332.1533,334.7732,338.709,328.5501,322.9043,287.0868,316.7044,307.6802,284.1541,274.4505
Carbon dioxide (CO2) emissions (total) excluding LULUCF (Mt CO2e),EN.GHG.CO2.MT.CE.AR5,French Polynesia,PYF,0.8466,0.7097,1.0058,1.0079,0.8808,0.7829,0.785,0.715,0.64,0.9258,0.9282,0.9739
Carbon dioxide (CO2) emissions (total) excluding LULUCF (Mt CO2e),EN.GHG.CO2.MT.CE.AR5,Gabon,GAB,6.1713,6.6039,6.4413,6.559,5.7489,5.4109,5.6528,5.5287,5.3647,5.5833,5.1205,5.1985
Carbon dioxide (CO2) emissions (total) excluding LULUCF (Mt CO2e),EN.GHG.CO2.MT.CE.AR5,"Gambia, The",GMB,0.1226,0.2662,0.509,0.5138,0.5236,0.4603,0.465,0.422,0.4776,0.4949,0.4738,0.4923
Carbon dioxide (CO2) emissions (total) excluding LULUCF (Mt CO2e),EN.GHG.CO2.MT.CE.AR5,Georgia,GEO,34.4907,5.2126,10.647,11.0252,11.1709,11.137,11.9227,11.5406,12.3432,13.463,13.5563,13.4674
Carbon dioxide (CO2) emissions (total) excluding LULUCF (Mt CO2e),EN.GHG.CO2.MT.CE.AR5,Germany,DEU,1012.7016,871.3847,784.9143,789.2489,774.4767,746.6974,696.5002,642.0878,670.667,658.0886,589.6596,579.9356
Carbon dioxide (CO2) emissions (total) excluding LULUCF (Mt CO2e),EN.GHG.CO2.MT.CE.AR5,Ghana,GHA,3.1311,6.0172,15.6106,16.04,17.3725,19.0565,20.2766,22.9458,24.4916,23.7878,23.2246,24.171
Carbon dioxide (CO2) emissions (total) excluding LULUCF (Mt CO2e),EN.GHG.CO2.MT.CE.AR5,Gibraltar,GIB,0.1438,0.3412,0.5872,0.6123,0.6498,0.6897,0.7174,0.6394,0.6416,0.6357,0.6292,0.6351
Carbon dioxide (CO2) emissions (total) excluding LULUCF (Mt CO2e),EN.GHG.CO2.MT.CE.AR5,Greece,GRC,77.9104,96.0663,69.4522,68.1612,68.3839,66.5357,61.4927,52.3606,53.7151,55.1164,51.2379,52.5087
Carbon dioxide (CO2) emissions (total) excluding LULUCF (Mt CO2e),EN.GHG.CO2.MT.CE.AR5,Greenland,GRL,0.0011,0.0013,0.5188,0.5159,0.5031,0.5083,0.5239,0.5275,0.5484,0.5904,0.5849,0.5941
Carbon dioxide (CO2) emissions (total) excluding LULUCF (Mt CO2e),EN.GHG.CO2.MT.CE.AR5,Grenada,GRD,0.0509,0.0574,0.1171,0.1276,0.128,0.1435,0.1804,0.1536,0.1608,0.1694,0.1699,0.1759
Carbon dioxide (CO2) emissions (total) excluding LULUCF (Mt CO2e),EN.GHG.CO2.MT.CE.AR5,Guam,GUM,0.0002,0.0003,0.0002,0.0003,0.0003,0.0003,0.0004,0.0004,0.0003,0.0003,0.0003,0.0003
Carbon dioxide (CO2) emissions (total) excluding LULUCF (Mt CO2e),EN.GHG.CO2.MT.CE.AR5,Guatemala,GTM,3.9193,9.6791,16.9576,18.0238,17.0573,18.7397,19.663,17.6187,20.2047,18.9518,20.1279,20.3694
Carbon dioxide (CO2) emissions (total) excluding LULUCF (Mt CO2e),EN.GHG.CO2.MT.CE.AR5,Guinea,GIN,0.947,1.4601,2.8673,3.2295,3.2701,3.7415,4.814,5.3934,5.0777,5.2208,5.0264,5.2054
Carbon dioxide (CO2) emissions (total) excluding LULUCF (Mt CO2e),EN.GHG.CO2.MT.CE.AR5,Guinea-Bissau,GNB,0.169,0.2011,0.3625,0.3788,0.3066,0.3526,0.3566,0.3363,0.336,0.3439,0.3293,0.3422
Carbon dioxide (CO2) emissions (total) excluding LULUCF (Mt CO2e),EN.GHG.CO2.MT.CE.AR5,Guyana,GUY,1.1737,1.6621,2.0746,2.4564,2.4688,2.5808,2.7934,3.3298,3.3211,3.684,3.7405,3.7886
Carbon dioxide (CO2) emissions (total) excluding LULUCF (Mt CO2e),EN.GHG.CO2.MT.CE.AR5,Haiti,HTI,1.1416,1.6951,3.494,3.578,3.5867,3.5577,3.5949,3.4445,3.4083,3.3893,3.3805,3.5138
Carbon dioxide (CO2) emissions (total) excluding LULUCF (Mt CO2e),EN.GHG.CO2.MT.CE.AR5,Honduras,HND,2.3604,5.0003,10.8188,9.7321,9.3472,9.0061,10.1525,9.222,10.3706,10.5707,11.8491,12.2928
Carbon dioxide (CO2) emissions (total) excluding LULUCF (Mt CO2e),EN.GHG.CO2.MT.CE.AR5,"Hong Kong SAR, China",HKG,35.0443,41.901,44.2455,45.0794,44.1348,44.0591,43.5082,34.0619,34.5373,32.1322,34.1194,34.6162
Carbon dioxide (CO2) emissions (total) excluding LULUCF (Mt CO2e),EN.GHG.CO2.MT.CE.AR5,Hungary,HUN,72.3253,59.4623,47.541,48.2651,51.1346,51.2595,51.5028,49.6521,50.986,47.5733,42.9776,42.6269
Carbon dioxide (CO2) emissions (total) excluding LULUCF (Mt CO2e),EN.GHG.CO2.MT.CE.AR5,Iceland,ISL,2.3396,2.8524,3.6292,3.1789,3.3299,3.2946,3.1768,3.0717,3.1637,3.2394,3.22,3.293
Carbon dioxide (CO2) emissions (total) excluding LULUCF (Mt CO2e),EN.GHG.CO2.MT.CE.AR5,India,IND,600.6812,996.8909,2278.2296,2311.9771,2441.2015,2556.7189,2551.4851,2356.959,2597.9343,2807.0805,3014.5226,3153.8291
Carbon dioxide (CO2) emissions (total) excluding LULUCF (Mt CO2e),EN.GHG.CO2.MT.CE.AR5,Indonesia,IDN,161.7687,299.0702,512.3973,507.0965,535.7474,596.4692,637.5692,596.2839,622.6868,722.6996,772.5618,812.2042
Carbon dioxide (CO2) emissions (total) excluding LULUCF (Mt CO2e),EN.GHG.CO2.MT.CE.AR5,"Iran, Islamic Rep.",IRN,208.4749,353.9396,629.4902,642.3063,666.3808,661.4499,712.5804,735.8709,784.2646,792.0589,816.133,828.9896
Carbon dioxide (CO2) emissions (total) excluding LULUCF (Mt CO2e),EN.GHG.CO2.MT.CE.AR5,Iraq,IRQ,69.4445,88.811,137.9041,155.0442,167.3453,180.9429,193.6481,183.8743,199.7098,222.2784,232.976,238.6704
Carbon dioxide (CO2) emissions (total) excluding LULUCF (Mt CO2e),EN.GHG.CO2.MT.CE.AR5,Ireland,IRL,32.3392,43.827,37.648,39.5133,38.2632,38.0252,36.369,34.2933,36.3826,35.6861,32.8629,32.5693
Carbon dioxide (CO2) emissions (total) excluding LULUCF (Mt CO2e),EN.GHG.CO2.MT.CE.AR5,Isle of Man,IMN,..,..,..,..,..,..,..,..,..,..,..,..
Carbon dioxide (CO2) emissions (total) excluding LULUCF (Mt CO2e),EN.GHG.CO2.MT.CE.AR5,Israel,ISR,35.223,59.2839,67.9917,67.5521,67.8229,63.4982,65.3145,61.3925,60.972,63.6364,60.4805,57.6654
Carbon dioxide (CO2) emissions (total) excluding LULUCF (Mt CO2e),EN.GHG.CO2.MT.CE.AR5,Italy,ITA,426.0575,454.3191,353.7401,349.1697,345.6817,340.3734,332.562,295.2134,330.3484,331.006,304.3081,299.2285
Carbon dioxide (CO2) emissions (total) excluding LULUCF (Mt CO2e),EN.GHG.CO2.MT.CE.AR5,Jamaica,JAM,7.7041,10.2444,7.1067,7.6254,7.3076,8.6911,8.4395,5.9229,6.4724,7.5151,7.7039,8.074
Carbon dioxide (CO2) emissions (total) excluding LULUCF (Mt CO2e),EN.GHG.CO2.MT.CE.AR5,Japan,JPN,1162.2863,1243.5768,1232.5762,1228.6537,1212.9423,1163.1278,1123.813,1060.2269,1080.206,1050.5032,1002.4382,972.267
Carbon dioxide (CO2) emissions (total) excluding LULUCF (Mt CO2e),EN.GHG.CO2.MT.CE.AR5,Jordan,JOR,10.0718,16.4657,25.6334,25.2353,26.5502,25.2117,23.2902,20.948,21.7432,23.338,24.0408,24.144
Carbon dioxide (CO2) emissions (total) excluding LULUCF (Mt CO2e),EN.GHG.CO2.MT.CE.AR5,Kazakhstan,KAZ,248.6294,132.224,202.7539,216.1249,226.4516,229.3799,218.8149,225.4957,241.9078,246.5276,255.4342,258.8037
Carbon dioxide (CO2) emissions (total) excluding LULUCF (Mt CO2e),EN.GHG.CO2.MT.CE.AR5,Kenya,KEN,6.4662,8.9072,17.0005,18.5033,19.2464,19.1369,19.4769,19.1646,21.5155,21.9726,21.2679,21.6387
Carbon dioxide (CO2) emissions (total) excluding LULUCF (Mt CO2e),EN.GHG.CO2.MT.CE.AR5,Kiribati,KIR,0.0167,0.0324,0.0623,0.0678,0.0691,0.0759,0.0761,0.0737,0.0805,0.0758,0.076,0.0797
Carbon dioxide (CO2) emissions (total) excluding LULUCF (Mt CO2e),EN.GHG.CO2.MT.CE.AR5,"Korea, Dem. People's Rep.",PRK,131.9645,73.8063,32.6541,36.0271,73.5427,66.3965,73.4111,69.045,57.2906,59.8036,65.6588,66.2394
Carbon dioxide (CO2) emissions (total) excluding LULUCF (Mt CO2e),EN.GHG.CO2.MT.CE.AR5,"Korea, Rep.",KOR,260.2326,466.4031,643.7994,648.8158,665.288,680.496,654.9901,617.3408,638.7702,613.5467,590.365,588.0089
Carbon dioxide (CO2) emissions (total) excluding LULUCF (Mt CO2e),EN.GHG.CO2.MT.CE.AR5,Kosovo,XKX,..,..,..,..,..,..,..,..,..,..,..,..
Carbon dioxide (CO2) emissions (total) excluding LULUCF (Mt CO2e),EN.GHG.CO2.MT.CE.AR5,Kuwait,KWT,32.4079,56.0212,95.5891,98.4,97.4646,99.0797,96.8283,92.9479,99.8995,102.6178,110.1591,115.9313
Carbon dioxide (CO2) emissions (total) excluding LULUCF (Mt CO2e),EN.GHG.CO2.MT.CE.AR5,Kyrgyz Republic,KGZ,23.6564,4.7979,10.3162,9.7414,9.6372,11.4718,10.2267,9.3085,10.515,10.5011,10.2304,10.745
Carbon dioxide (CO2) emissions (total) excluding LULUCF (Mt CO2e),EN.GHG.CO2.MT.CE.AR5,Lao PDR,LAO,0.2559,0.9345,8.9275,15.871,19.2442,19.8623,19.3701,19.4378,23.8166,24.0315,25.7437,26.0627
Carbon dioxide (CO2) emissions (total) excluding LULUCF (Mt CO2e),EN.GHG.CO2.MT.CE.AR5,Latvia,LVA,19.6191,7.2309,7.648,7.4806,7.4321,8.1079,7.9078,7.2771,7.5304,6.9268,6.9004,6.8072
Carbon dioxide (CO2) emissions (total) excluding LULUCF (Mt CO2e),EN.GHG.CO2.MT.CE.AR5,Lebanon,LBN,5.9745,15.3085,26.9054,27.8657,29.2967,27.4937,27.0043,21.8207,16.715,10.435,10.8188,11.0041
Carbon dioxide (CO2) emissions (total) excluding LULUCF (Mt CO2e),EN.GHG.CO2.MT.CE.AR5,Lesotho,LSO,0.1088,0.3508,0.5966,0.6575,0.7193,0.7577,0.7834,0.7032,0.7644,0.9811,0.9915,1.0006
Carbon dioxide (CO2) emissions (total) excluding LULUCF (Mt CO2e),EN.GHG.CO2.MT.CE.AR5,Liberia,LBR,0.3752,0.3992,1.233,1.3852,1.2306,0.6419,1.0095,0.8348,0.8408,0.8686,0.8395,0.8671
Carbon dioxide (CO2) emissions (total) excluding LULUCF (Mt CO2e),EN.GHG.CO2.MT.CE.AR5,Libya,LBY,32.6224,49.2846,54.4819,51.1525,55.3948,57.2685,57.4746,45.7025,58.3609,58.1734,63.2042,63.9534
Carbon dioxide (CO2) emissions (total) excluding LULUCF (Mt CO2e),EN.GHG.CO2.MT.CE.AR5,Liechtenstein,LIE,..,..,..,..,..,..,..,..,..,..,..,..
Carbon dioxide (CO2) emissions (total) excluding LULUCF (Mt CO2e),EN.GHG.CO2.MT.CE.AR5,Lithuania,LTU,35.1223,11.6567,13.6606,13.5202,13.9642,14.0184,14.2965,14.2541,14.3318,13.1703,12.9794,12.97
Carbon dioxide (CO2) emissions (total) excluding LULUCF (Mt CO2e),EN.GHG.CO2.MT.CE.AR5,Luxembourg,LUX,11.9786,8.8008,9.3094,9.0415,9.1884,9.5448,9.6917,7.9929,8.3806,7.2657,6.9416,7.1474
Carbon dioxide (CO2) emissions (total) excluding LULUCF (Mt CO2e),EN.GHG.CO2.MT.CE.AR5,"Macao SAR, China",MAC,0.9437,1.4592,2.759,2.6259,2.8865,2.1256,2.2473,2.2329,2.0473,1.6785,1.6805,1.7349
Carbon dioxide (CO2) emissions (total) excluding LULUCF (Mt CO2e),EN.GHG.CO2.MT.CE.AR5,Madagascar,MDG,0.9079,1.6942,3.4183,3.2513,3.5528,3.2753,4.0111,3.1281,4.103,4.384,4.5942,4.6827
Carbon dioxide (CO2) emissions (total) excluding LULUCF (Mt CO2e),EN.GHG.CO2.MT.CE.AR5,Malawi,MWI,1.5368,3.0984,4.909,4.9059,5.408,5.4582,5.6074,5.2063,6.1189,5.6023,4.7047,4.7949
Carbon dioxide (CO2) emissions (total) excluding LULUCF (Mt CO2e),EN.GHG.CO2.MT.CE.AR5,Malaysia,MYS,64.4242,130.7612,252.8595,247.4841,237.8324,254.2848,255.1651,253.08,257.9155,276.9845,282.3786,295.9542
Carbon dioxide (CO2) emissions (total) excluding LULUCF (Mt CO2e),EN.GHG.CO2.MT.CE.AR5,Maldives,MDV,0.0946,0.6278,1.5884,1.7341,1.6081,1.3863,1.5153,1.208,1.6808,1.7895,1.7942,1.8824
Carbon dioxide (CO2) emissions (total) excluding LULUCF (Mt CO2e),EN.GHG.CO2.MT.CE.AR5,Mali,MLI,0.3193,0.796,3.5312,4.5795,5.1611,5.782,6.1138,6.8432,7.3008,7.4928,7.177,7.4121
Carbon dioxide (CO2) emissions (total) excluding LULUCF (Mt CO2e),EN.GHG.CO2.MT.CE.AR5,Malta,MLT,2.3219,2.135,1.6722,1.3655,1.5582,1.5674,1.673,1.6204,1.6274,1.7963,1.7877,1.8083
Carbon dioxide (CO2) emissions (total) excluding LULUCF (Mt CO2e),EN.GHG.CO2.MT.CE.AR5,Marshall Islands,MHL,0.0001,0.0001,0.0001,0.0001,0.0001,0.0001,0.0001,0.0001,0.0001,0.0001,0.0001,0.0001
Carbon dioxide (CO2) emissions (total) excluding LULUCF (Mt CO2e),EN.GHG.CO2.MT.CE.AR5,Mauritania,MRT,0.7071,1.0582,2.757,2.6247,3.809,4.4355,4.4862,4.6354,4.4111,5.0263,4.8274,5.0116
Carbon dioxide (CO2) emissions (total) excluding LULUCF (Mt CO2e),EN.GHG.CO2.MT.CE.AR5,Mauritius,MUS,1.1871,2.4433,3.9907,4.0649,4.2071,4.1718,4.2052,3.745,3.9879,4.0499,4.3225,4.4055
Carbon dioxide (CO2) emissions (total) excluding LULUCF (Mt CO2e),EN.GHG.CO2.MT.CE.AR5,Mexico,MEX,289.6625,396.7431,490.4272,496.4682,500.6875,478.1534,493.673,439.0381,452.7201,452.9546,475.5955,475.9921
Carbon dioxide (CO2) emissions (total) excluding LULUCF (Mt CO2e),EN.GHG.CO2.MT.CE.AR5,"Micronesia, Fed. Sts.",FSM,0.0001,0.0002,0.0002,0.0002,0.0002,0.0002,0.0002,0.0002,0.0002,0.0002,0.0002,0.0002
Carbon dioxide (CO2) emissions (total) excluding LULUCF (Mt CO2e),EN.GHG.CO2.MT.CE.AR5,Moldova,MDA,31.8171,6.8956,8.2992,8.4234,8.3058,8.8624,9.1101,8.8484,9.6527,8.2882,8.2074,8.2081
Carbon dioxide (CO2) emissions (total) excluding LULUCF (Mt CO2e),EN.GHG.CO2.MT.CE.AR5,Monaco,MCO,..,..,..,..,..,..,..,..,..,..,..,..
Carbon dioxide (CO2) emissions (total) excluding LULUCF (Mt CO2e),EN.GHG.CO2.MT.CE.AR5,Mongolia,MNG,13.1479,9.0405,18.0259,19.1168,21.0753,22.9567,25.3355,22.5155,24.8887,24.9553,27.1526,27.6578
Carbon dioxide (CO2) emissions (total) excluding LULUCF (Mt CO2e),EN.GHG.CO2.MT.CE.AR5,Montenegro,MNE,..,..,..,..,..,..,..,..,..,..,..,..
Carbon dioxide (CO2) emissions (total) excluding LULUCF (Mt CO2e),EN.GHG.CO2.MT.CE.AR5,Morocco,MAR,22.4611,33.5686,61.1459,61.011,63.8616,65.197,71.8694,67.5867,73.1296,72.3256,70.0459,70.0409
Carbon dioxide (CO2) emissions (total) excluding LULUCF (Mt CO2e),EN.GHG.CO2.MT.CE.AR5,Mozambique,MOZ,1.1619,1.571,6.4582,8.3319,8.3122,8.0554,8.6293,7.9534,9.1439,10.8972,10.719,10.1127
Carbon dioxide (CO2) emissions (total) excluding LULUCF (Mt CO2e),EN.GHG.CO2.MT.CE.AR5,Myanmar,MMR,4.4326,10.042,19.7406,22.9806,33.7539,33.5187,34.3911,34.7186,31.8377,31.031,31.241,31.3628
Carbon dioxide (CO2) emissions (total) excluding LULUCF (Mt CO2e),EN.GHG.CO2.MT.CE.AR5,Namibia,NAM,1.2486,1.9154,3.5661,3.8987,3.7537,3.8098,3.8576,3.5444,3.7053,3.5799,3.6138,3.6498
Carbon dioxide (CO2) emissions (total) excluding LULUCF (Mt CO2e),EN.GHG.CO2.MT.CE.AR5,Nauru,NRU,0,0,0,0,0,0,0,0,0,0,0,0
Carbon dioxide (CO2) emissions (total) excluding LULUCF (Mt CO2e),EN.GHG.CO2.MT.CE.AR5,Nepal,NPL,1.0884,3.4194,7.3221,10.764,13.1998,14.9259,13.4612,16.4562,17.383,15.0454,15.432,15.8919
Carbon dioxide (CO2) emissions (total) excluding LULUCF (Mt CO2e),EN.GHG.CO2.MT.CE.AR5,Netherlands,NLD,164.8181,176.8545,169.3542,170.7937,168.176,163.095,157.9744,142.1604,145.8948,133.114,122.9178,118.7909
Carbon dioxide (CO2) emissions (total) excluding LULUCF (Mt CO2e),EN.GHG.CO2.MT.CE.AR5,New Caledonia,NCL,1.5733,2.1568,4.5637,4.8748,4.3928,6.0252,5.7837,5.6478,4.6621,4.6157,4.8646,4.9983
Carbon dioxide (CO2) emissions (total) excluding LULUCF (Mt CO2e),EN.GHG.CO2.MT.CE.AR5,New Zealand,NZL,24.9835,32.9982,35.3887,34.7426,36.2664,35.6335,37.2453,34.6699,34.7093,32.1246,31.776,31.8146
Carbon dioxide (CO2) emissions (total) excluding LULUCF (Mt CO2e),EN.GHG.CO2.MT.CE.AR5,Nicaragua,NIC,1.9647,3.7702,5.4971,5.7223,5.6825,5.1803,5.3239,4.7462,5.1925,5.2612,5.5369,5.7393
Carbon dioxide (CO2) emissions (total) excluding LULUCF (Mt CO2e),EN.GHG.CO2.MT.CE.AR5,Niger,NER,0.6205,0.7016,2.1698,2.1674,1.9739,2.0278,2.3731,2.4096,2.8588,3.2178,3.1629,3.2142
Carbon dioxide (CO2) emissions (total) excluding LULUCF (Mt CO2e),EN.GHG.CO2.MT.CE.AR5,Nigeria,NGA,75.1111,100.1949,118.4539,123.4796,116.0398,121.4082,126.1061,118.9178,130.9005,129.0417,125.8687,131.9101
Carbon dioxide (CO2) emissions (total) excluding LULUCF (Mt CO2e),EN.GHG.CO2.MT.CE.AR5,North Macedonia,MKD,11.1902,9.0375,7.9328,7.6209,7.9803,7.5427,8.6778,7.5804,7.634,8.2042,8.0203,7.2973
Carbon dioxide (CO2) emissions (total) excluding LULUCF (Mt CO2e),EN.GHG.CO2.MT.CE.AR5,Northern Mariana Islands,MNP,0.0001,0.0001,0.0001,0.0001,0.0001,0.0001,0.0001,0.0001,0.0001,0.0001,0.0001,0.0001
Carbon dioxide (CO2) emissions (total) excluding LULUCF (Mt CO2e),EN.GHG.CO2.MT.CE.AR5,Norway,NOR,36.3128,41.7695,47.9542,47.3711,47.4084,46.6404,45.3466,43.7079,44.4278,43.5471,41.6042,39.9995
Carbon dioxide (CO2) emissions (total) excluding LULUCF (Mt CO2e),EN.GHG.CO2.MT.CE.AR5,Oman,OMN,16.41,26.3172,79.3244,80.628,81.3599,84.3771,85.4259,82.166,87.7273,93.1054,95.7346,98.5112
Carbon dioxide (CO2) emissions (total) excluding LULUCF (Mt CO2e),EN.GHG.CO2.MT.CE.AR5,Pakistan,PAK,65.6405,111.8899,178.2841,196.7976,213.2958,202.3124,198.8407,222.5997,229.1366,235.3725,208.8895,203.9883
Carbon dioxide (CO2) emissions (total) excluding LULUCF (Mt CO2e),EN.GHG.CO2.MT.CE.AR5,Palau,PLW,2.156,2.122,1.1954,1.1444,1.1964,1.2305,1.2683,1.2764,1.329,1.3981,1.3979,1.4659
Carbon dioxide (CO2) emissions (total) excluding LULUCF (Mt CO2e),EN.GHG.CO2.MT.CE.AR5,Panama,PAN,2.7219,5.1903,10.6313,10.6644,10.1483,9.9261,13.1641,9.7127,10.7711,11.4431,12.7389,12.365
Carbon dioxide (CO2) emissions (total) excluding LULUCF (Mt CO2e),EN.GHG.CO2.MT.CE.AR5,Papua New Guinea,PNG,2.1499,2.9145,5.9739,6.621,5.7792,4.904,5.0364,5.4744,5.3867,5.5295,5.498,5.4677
Carbon dioxide (CO2) emissions (total) excluding LULUCF (Mt CO2e),EN.GHG.CO2.MT.CE.AR5,Paraguay,PRY,2.184,3.6426,6.661,7.5122,8.4688,8.7429,8.5218,7.8549,7.9771,8.0051,7.7424,8.0253
Carbon dioxide (CO2) emissions (total) excluding LULUCF (Mt CO2e),EN.GHG.CO2.MT.CE.AR5,Peru,PER,20.8441,28.9865,54.9014,57.5009,55.2172,55.3468,58.1719,47.5328,59.6288,63.74,65.0789,69.2652
Carbon dioxide (CO2) emissions (total) excluding LULUCF (Mt CO2e),EN.GHG.CO2.MT.CE.AR5,Philippines,PHL,42.7042,74.2644,113.1874,121.2972,135.646,141.3358,147.9244,136.3845,145.6114,151.7004,162.4527,174.1143
Carbon dioxide (CO2) emissions (total) excluding LULUCF (Mt CO2e),EN.GHG.CO2.MT.CE.AR5,Poland,POL,371.5249,313.0274,305.7942,316.728,330.2221,329.6329,312.0707,296.8799,324.0123,307.9616,280.6501,276.0619
Carbon dioxide (CO2) emissions (total) excluding LULUCF (Mt CO2e),EN.GHG.CO2.MT.CE.AR5,Portugal,PRT,43.8614,64.2448,51.7215,50.523,55.1436,51.1078,46.4279,40.6444,38.962,39.6684,37.4114,35.5573
Carbon dioxide (CO2) emissions (total) excluding LULUCF (Mt CO2e),EN.GHG.CO2.MT.CE.AR5,Puerto Rico (US),PRI,19.0188,25.184,12.0971,11.3493,11.6298,13.7156,12.6257,12.4658,12.6669,13.9178,14.63,15.4301
Carbon dioxide (CO2) emissions (total) excluding LULUCF (Mt CO2e),EN.GHG.CO2.MT.CE.AR5,Qatar,QAT,16.9819,31.7522,114.0841,114.0546,114.1057,114.8966,117.6635,115.3371,118.4421,120.1007,129.1964,135.2669
Carbon dioxide (CO2) emissions (total) excluding LULUCF (Mt CO2e),EN.GHG.CO2.MT.CE.AR5,Romania,ROU,187.7299,97.504,80.304,78.7065,81.7983,83.0019,81.1522,75.7011,80.7465,75.6755,70.2532,70.8832
Carbon dioxide (CO2) emissions (total) excluding LULUCF (Mt CO2e),EN.GHG.CO2.MT.CE.AR5,Russian Federation,RUS,2436.2695,1681.1521,1757.1139,1734.6382,1763.2401,1831.1328,1858.002,1784.1991,1938.4596,1895.4729,1948.3024,2009.1541
Carbon dioxide (CO2) emissions (total) excluding LULUCF (Mt CO2e),EN.GHG.CO2.MT.CE.AR5,Rwanda,RWA,0.553,0.6805,1.1072,1.2106,1.3115,1.4591,1.5151,1.4554,1.7066,2.2012,2.2883,2.3114
Carbon dioxide (CO2) emissions (total) excluding LULUCF (Mt CO2e),EN.GHG.CO2.MT.CE.AR5,Samoa,WSM,0.1228,0.186,0.3288,0.3542,0.3165,0.3447,0.3735,0.3132,0.3435,0.3324,0.3333,0.3498
Carbon dioxide (CO2) emissions (total) excluding LULUCF (Mt CO2e),EN.GHG.CO2.MT.CE.AR5,San Marino,SMR,..,..,..,..,..,..,..,..,..,..,..,..
Carbon dioxide (CO2) emissions (total) excluding LULUCF (Mt CO2e),EN.GHG.CO2.MT.CE.AR5,Sao Tome and Principe,STP,0.0386,0.0547,0.1407,0.1464,0.1491,0.1525,0.1591,0.1541,0.1583,0.1412,0.1456,0.1477
Carbon dioxide (CO2) emissions (total) excluding LULUCF (Mt CO2e),EN.GHG.CO2.MT.CE.AR5,Saudi Arabia,SAU,173.9024,265.2402,611.4483,609.5099,603.3295,580.0429,579.8088,577.1045,590.321,620.4308,635.4338,652.511
Carbon dioxide (CO2) emissions (total) excluding LULUCF (Mt CO2e),EN.GHG.CO2.MT.CE.AR5,Senegal,SEN,2.3652,3.9891,9.2184,10.2971,10.2029,10.7355,11.0288,10.8149,13.1241,14.5438,13.717,14.2023
Carbon dioxide (CO2) emissions (total) excluding LULUCF (Mt CO2e),EN.GHG.CO2.MT.CE.AR5,Serbia,SRB,..,..,..,..,..,..,..,..,..,..,..,..
Carbon dioxide (CO2) emissions (total) excluding LULUCF (Mt CO2e),EN.GHG.CO2.MT.CE.AR5,Seychelles,SYC,0.2659,0.7545,0.9868,1.1003,1.1528,1.0053,0.8948,0.8388,0.7882,0.8424,0.8395,0.8782
Carbon dioxide (CO2) emissions (total) excluding LULUCF (Mt CO2e),EN.GHG.CO2.MT.CE.AR5,Sierra Leone,SLE,0.633,0.4316,1.0224,1.0587,1.0446,1.2108,1.2073,1.2307,1.4724,1.4668,1.4104,1.4618
Carbon dioxide (CO2) emissions (total) excluding LULUCF (Mt CO2e),EN.GHG.CO2.MT.CE.AR5,Singapore,SGP,31.6482,45.5193,55.1746,52.9724,56.8881,54.2117,55.8876,53.8768,55.7179,56.3467,56.1013,58.8681
Carbon dioxide (CO2) emissions (total) excluding LULUCF (Mt CO2e),EN.GHG.CO2.MT.CE.AR5,Sint Maarten (Dutch part),SXM,..,..,..,..,..,..,..,..,..,..,..,..
Carbon dioxide (CO2) emissions (total) excluding LULUCF (Mt CO2e),EN.GHG.CO2.MT.CE.AR5,Slovak Republic,SVK,60.6348,41.6845,34.526,35.4446,37.7288,37.2427,34.8074,32.6439,36.6483,33.1887,31.1483,29.8925
Carbon dioxide (CO2) emissions (total) excluding LULUCF (Mt CO2e),EN.GHG.CO2.MT.CE.AR5,Slovenia,SVN,14.6861,15.094,14.2949,15.0187,15.3443,15.45,14.8261,13.5406,13.8601,13.3893,12.6186,13.3314
Carbon dioxide (CO2) emissions (total) excluding LULUCF (Mt CO2e),EN.GHG.CO2.MT.CE.AR5,Solomon Islands,SLB,0.1586,0.2328,0.3336,0.3236,0.2919,0.3252,0.3193,0.3077,0.3326,0.299,0.2998,0.3145
Carbon dioxide (CO2) emissions (total) excluding LULUCF (Mt CO2e),EN.GHG.CO2.MT.CE.AR5,"Somalia, Fed. Rep.",SOM,0.6287,0.6253,0.8225,0.8378,0.8367,0.8562,0.8465,0.7896,0.8172,0.8329,0.8496,0.8652
Carbon dioxide (CO2) emissions (total) excluding LULUCF (Mt CO2e),EN.GHG.CO2.MT.CE.AR5,South Africa,ZAF,314.2149,347.2832,462.2677,460.1959,469.5833,473.4182,477.5446,450.8617,448.5635,429.3281,427.2669,440.1678
Carbon dioxide (CO2) emissions (total) excluding LULUCF (Mt CO2e),EN.GHG.CO2.MT.CE.AR5,South Sudan,SSD,..,..,..,..,..,..,..,..,..,..,..,..
Carbon dioxide (CO2) emissions (total) excluding LULUCF (Mt CO2e),EN.GHG.CO2.MT.CE.AR5,Spain,ESP,229.4678,310.3327,271.5397,263.0479,278.3849,271.7891,254.3514,214.4546,233.1927,238.6544,220.9934,220.0839
Carbon dioxide (CO2) emissions (total) excluding LULUCF (Mt CO2e),EN.GHG.CO2.MT.CE.AR5,Sri Lanka,LKA,4.239,11.4667,19.7111,23.486,23.4107,21.9829,23.973,22.6144,22.8196,20.7971,21.5803,23.3347
Carbon dioxide (CO2) emissions (total) excluding LULUCF (Mt CO2e),EN.GHG.CO2.MT.CE.AR5,St. Kitts and Nevis,KNA,0.0208,0.0497,0.1019,0.1115,0.104,0.1111,0.1302,0.1196,0.1162,0.1301,0.1305,0.1351
Carbon dioxide (CO2) emissions (total) excluding LULUCF (Mt CO2e),EN.GHG.CO2.MT.CE.AR5,St. Lucia,LCA,0.0715,0.0968,0.1824,0.1964,0.1963,0.2592,0.2947,0.2776,0.2822,0.2961,0.297,0.3075
Carbon dioxide (CO2) emissions (total) excluding LULUCF (Mt CO2e),EN.GHG.CO2.MT.CE.AR5,St. Martin (French part),MAF,..,..,..,..,..,..,..,..,..,..,..,..
Carbon dioxide (CO2) emissions (total) excluding LULUCF (Mt CO2e),EN.GHG.CO2.MT.CE.AR5,St. Vincent and the Grenadines,VCT,0.0294,0.0419,0.0951,0.1012,0.1091,0.1102,0.1165,0.1238,0.1174,0.1271,0.1275,0.132
Carbon dioxide (CO2) emissions (total) excluding LULUCF (Mt CO2e),EN.GHG.CO2.MT.CE.AR5,Sudan,SDN,5.5465,6,21.5583,23.9363,23.6627,23.6471,23.4708,21.6685,23.6032,21.4434,21.7036,21.8678
Carbon dioxide (CO2) emissions (total) excluding LULUCF (Mt CO2e),EN.GHG.CO2.MT.CE.AR5,Suriname,SUR,1.0976,1.4802,2.7261,2.9607,2.4504,2.1512,2.6613,2.6044,2.7191,2.8628,2.496,2.5765
Carbon dioxide (CO2) emissions (total) excluding LULUCF (Mt CO2e),EN.GHG.CO2.MT.CE.AR5,Sweden,SWE,57.1424,57.9841,42.9009,42.49,41.8362,39.6483,39.4951,38.0388,40.4785,37.7526,36.6683,37.7742
Carbon dioxide (CO2) emissions (total) excluding LULUCF (Mt CO2e),EN.GHG.CO2.MT.CE.AR5,Switzerland,CHE,44.7573,44.7643,40.2217,40.7885,39.8183,38.5179,38.3954,35.9401,37.6301,34.4805,33.6661,33.7321
Carbon dioxide (CO2) emissions (total) excluding LULUCF (Mt CO2e),EN.GHG.CO2.MT.CE.AR5,Syrian Arab Republic,SYR,33.0044,45.9017,28.1357,25.8772,31.0807,34.0047,33.3171,31.7492,32.0363,31.1656,31.3571,31.4498
Carbon dioxide (CO2) emissions (total) excluding LULUCF (Mt CO2e),EN.GHG.CO2.MT.CE.AR5,Tajikistan,TJK,12.3225,2.7846,5.0917,5.7155,6.934,8.2044,9.0405,9.3881,9.4268,9.5606,9.3204,9.7699
Carbon dioxide (CO2) emissions (total) excluding LULUCF (Mt CO2e),EN.GHG.CO2.MT.CE.AR5,Tanzania,TZA,2.0837,3.112,13.2034,14.1367,14.1975,14.9211,17.0037,16.677,18.9418,20.9124,21.5734,21.3363
Carbon dioxide (CO2) emissions (total) excluding LULUCF (Mt CO2e),EN.GHG.CO2.MT.CE.AR5,Thailand,THA,95.3854,174.8428,281.4677,277.7638,281.081,276.6537,286.4704,275.6334,268.5767,284.314,275.0344,283.8091
Carbon dioxide (CO2) emissions (total) excluding LULUCF (Mt CO2e),EN.GHG.CO2.MT.CE.AR5,Timor-Leste,TLS,0.0697,0.3496,0.6952,0.6609,0.6218,0.6666,0.7283,0.6794,0.7107,0.6946,0.6644,0.6994
Carbon dioxide (CO2) emissions (total) excluding LULUCF (Mt CO2e),EN.GHG.CO2.MT.CE.AR5,Togo,TGO,0.7551,1.2511,1.546,2.1279,1.6554,1.9363,2.1053,2.4218,2.534,2.6044,2.5313,2.6276
Carbon dioxide (CO2) emissions (total) excluding LULUCF (Mt CO2e),EN.GHG.CO2.MT.CE.AR5,Tonga,TON,0.0891,0.0998,0.1347,0.1432,0.1549,0.1474,0.1655,0.1865,0.2065,0.1614,0.1618,0.1698
Carbon dioxide (CO2) emissions (total) excluding LULUCF (Mt CO2e),EN.GHG.CO2.MT.CE.AR5,Trinidad and Tobago,TTO,12.6689,19.1689,36.7586,33.7186,32.5451,32.6228,33.2231,29.8017,28.6842,28.4989,26.9495,26.7934
Carbon dioxide (CO2) emissions (total) excluding LULUCF (Mt CO2e),EN.GHG.CO2.MT.CE.AR5,Tunisia,TUN,14.7735,21.131,30.7211,29.8618,30.2963,30.1881,30.2451,28.7185,31.0178,30.3588,31.2092,32.1799
Carbon dioxide (CO2) emissions (total) excluding LULUCF (Mt CO2e),EN.GHG.CO2.MT.CE.AR5,Turkiye,TUR,155.1643,227.0564,367.843,391.2631,433.2199,429.3432,414.4775,423.0905,460.7071,444.4077,446.4386,460.0275
Carbon dioxide (CO2) emissions (total) excluding LULUCF (Mt CO2e),EN.GHG.CO2.MT.CE.AR5,Turkmenistan,TKM,45.6944,39.3402,67.9108,67.2897,72.1708,74.2318,73.2506,76.8253,95.4323,101.2613,94.7287,81.408
Carbon dioxide (CO2) emissions (total) excluding LULUCF (Mt CO2e),EN.GHG.CO2.MT.CE.AR5,Turks and Caicos Islands,TCA,0.0051,0.0177,0.08,0.0881,0.0883,0.1897,0.2211,0.2149,0.215,0.2205,0.2212,0.2291
Carbon dioxide (CO2) emissions (total) excluding LULUCF (Mt CO2e),EN.GHG.CO2.MT.CE.AR5,Tuvalu,TUV,0,0,0,0,0,0,0,0,0,0,0,0
Carbon dioxide (CO2) emissions (total) excluding LULUCF (Mt CO2e),EN.GHG.CO2.MT.CE.AR5,Uganda,UGA,0.8308,1.4139,5.5954,6.0018,6.2539,6.8571,7.0646,7.1198,8.1105,7.9541,8.1166,8.2549
Carbon dioxide (CO2) emissions (total) excluding LULUCF (Mt CO2e),EN.GHG.CO2.MT.CE.AR5,Ukraine,UKR,785.5399,361.0273,226.107,227.2461,205.5813,218.3029,207.9097,198.8972,194.1363,119.345,121.6952,118.4778
Carbon dioxide (CO2) emissions (total) excluding LULUCF (Mt CO2e),EN.GHG.CO2.MT.CE.AR5,United Arab Emirates,ARE,56.8876,88.4569,206.8519,212.4305,204.4227,187.2853,197.8494,195.6742,199.421,195.184,192.6964,200.559
Carbon dioxide (CO2) emissions (total) excluding LULUCF (Mt CO2e),EN.GHG.CO2.MT.CE.AR5,United Kingdom,GBR,582.6078,551.9584,415.8847,391.8614,380.7118,373.8821,359.0131,319.6964,337.9148,324.9949,304.7866,292.4194
Carbon dioxide (CO2) emissions (total) excluding LULUCF (Mt CO2e),EN.GHG.CO2.MT.CE.AR5,United States,USA,4983.6037,5928.7614,5132.9841,5028.952,4959.4579,5118.3744,4967.9122,4466.8765,4754.3785,4815.7665,4618.2675,4632.1649
Carbon dioxide (CO2) emissions (total) excluding LULUCF (Mt CO2e),EN.GHG.CO2.MT.CE.AR5,Uruguay,URY,3.9389,5.5706,6.8951,6.8292,6.4073,6.871,7.1561,6.9135,8.5518,8.093,8.1908,8.6953
Carbon dioxide (CO2) emissions (total) excluding LULUCF (Mt CO2e),EN.GHG.CO2.MT.CE.AR5,Uzbekistan,UZB,127.8534,131.5221,107.5503,114.0078,118.2658,112.7949,115.1171,123.9451,134.3607,128.9082,132.6306,148.5388
Carbon dioxide (CO2) emissions (total) excluding LULUCF (Mt CO2e),EN.GHG.CO2.MT.CE.AR5,Vanuatu,VUT,0.1019,0.084,0.1592,0.1659,0.1664,0.2288,0.219,0.2515,0.2909,0.2709,0.2717,0.2851
Carbon dioxide (CO2) emissions (total) excluding LULUCF (Mt CO2e),EN.GHG.CO2.MT.CE.AR5,"Venezuela, RB",VEN,102.5798,137.7453,175.9339,162.9378,151.9619,137.7913,120.3724,76.6657,75.873,92.004,96.3903,96.4114
Carbon dioxide (CO2) emissions (total) excluding LULUCF (Mt CO2e),EN.GHG.CO2.MT.CE.AR5,Viet Nam,VNM,20.5778,56.5356,200.8183,223.8051,229.2539,282.0973,336.5288,348.3315,336.1703,343.9999,390.7253,430.8192
Carbon dioxide (CO2) emissions (total) excluding LULUCF (Mt CO2e),EN.GHG.CO2.MT.CE.AR5,Virgin Islands (U.S.),VIR,0.0002,0.0002,0.0002,0.0002,0.0002,0.0002,0.0002,0.0002,0.0002,0.0002,0.0002,0.0002
Carbon dioxide (CO2) emissions (total) excluding LULUCF (Mt CO2e),EN.GHG.CO2.MT.CE.AR5,West Bank and Gaza,PSE,..,..,..,..,..,..,..,..,..,..,..,..
Carbon dioxide (CO2) emissions (total) excluding LULUCF (Mt CO2e),EN.GHG.CO2.MT.CE.AR5,"Yemen, Rep.",YEM,7.1074,15.7452,14.2523,10.6296,9.826,11.9933,12.3423,11.3173,11.2191,10.9841,10.6254,10.5803
Carbon dioxide (CO2) emissions (total) excluding LULUCF (Mt CO2e),EN.GHG.CO2.MT.CE.AR5,Zambia,ZMB,3.0287,1.9522,5.848,6.3266,8.0384,9.1031,9.034,9.531,9.6802,10.5712,11.3586,11.5732
Carbon dioxide (CO2) emissions (total) excluding LULUCF (Mt CO2e),EN.GHG.CO2.MT.CE.AR5,Zimbabwe,ZWE,17.4139,14.6562,12.6919,11.2687,10.5878,12.2724,11.1706,9.0746,10.8831,11.5572,12.566,12.8554
Carbon dioxide (CO2) emissions (total) excluding LULUCF (Mt CO2e),EN.GHG.CO2.MT.CE.AR5,Africa Eastern and Southern,AFE,378.5089,425.029,623.606,628.154,637.9923,646.7127,655.3423,613.7192,631.4195,618.5414,619.3657,634.4063
Carbon dioxide (CO2) emissions (total) excluding LULUCF (Mt CO2e),EN.GHG.CO2.MT.CE.AR5,Africa Western and Central,AFW,102.7861,146.5159,209.7144,220.3771,216.099,228.9951,239.1588,236.4906,255.7641,259.3996,251.6472,261.934
Carbon dioxide (CO2) emissions (total) excluding LULUCF (Mt CO2e),EN.GHG.CO2.MT.CE.AR5,Arab World,ARB,675.6148,996.1375,1950.0644,1974.3709,2005.3588,1992.7095,2012.1937,1958.0297,2050.1016,2106.1097,2171.3007,2229.854
Carbon dioxide (CO2) emissions (total) excluding LULUCF (Mt CO2e),EN.GHG.CO2.MT.CE.AR5,Caribbean small states,CSS,17.1269,24.4719,44.5063,42.3441,40.6885,40.6109,42.5457,38.9781,38.2453,38.6415,36.8124,36.9104
Carbon dioxide (CO2) emissions (total) excluding LULUCF (Mt CO2e),EN.GHG.CO2.MT.CE.AR5,Central Europe and the Baltics,CEB,1071.26,763.3539,700.9642,710.971,738.0502,735.7865,698.4137,653.5479,703.934,677.6702,610.246,593.8389
Carbon dioxide (CO2) emissions (total) excluding LULUCF (Mt CO2e),EN.GHG.CO2.MT.CE.AR5,Early-demographic dividend,EAR,2825.3827,4143.8239,7233.6785,7347.566,7652.2467,7774.8991,7858.2359,7483.4606,8012.5232,8384.8177,8716.2718,8985.067
Carbon dioxide (CO2) emissions (total) excluding LULUCF (Mt CO2e),EN.GHG.CO2.MT.CE.AR5,East Asia & Pacific,EAS,4754.8143,6681.3359,14636.5053,14702.1235,15031.3238,15646.7177,15994.5133,15959.2756,16595.1763,16646.2615,17192.7211,17388.782
Carbon dioxide (CO2) emissions (total) excluding LULUCF (Mt CO2e),EN.GHG.CO2.MT.CE.AR5,East Asia & Pacific (excluding high income),EAP,2953.0843,4484.5189,12207.7997,12265.6935,12587.3643,13241.747,13653.4721,13746.5529,14347.8358,14465.3873,15081.8502,15301.2639
Carbon dioxide (CO2) emissions (total) excluding LULUCF (Mt CO2e),EN.GHG.CO2.MT.CE.AR5,East Asia & Pacific (IDA & IBRD countries),TEA,2823.2758,4412.8346,12176.341,12230.8108,12515.018,13176.581,13581.3293,13678.7843,14291.8742,14406.9818,15017.5893,15236.4904
Carbon dioxide (CO2) emissions (total) excluding LULUCF (Mt CO2e),EN.GHG.CO2.MT.CE.AR5,Euro area,EMU,2818.8105,2797.9496,2413.2928,2411.1195,2416.4904,2355.8823,2245.6677,2016.0747,2147.1343,2104.0748,1930.3558,1897.5348
Carbon dioxide (CO2) emissions (total) excluding LULUCF (Mt CO2e),EN.GHG.CO2.MT.CE.AR5,Europe & Central Asia,ECS,8595.6449,6906.3139,6485.7592,6492.8909,6578.0022,6586.5536,6422.6705,6047.0781,6487.2364,6270.5723,6069.0815,6082.4021
Carbon dioxide (CO2) emissions (total) excluding LULUCF (Mt CO2e),EN.GHG.CO2.MT.CE.AR5,Europe & Central Asia (excluding high income),ECA,1690.015,1026.0365,1139.4668,1185.3557,1229.2057,1244.832,1210.7832,1222.5051,1307.7677,1220.7417,1228.3784,1241.9915
Carbon dioxide (CO2) emissions (total) excluding LULUCF (Mt CO2e),EN.GHG.CO2.MT.CE.AR5,Europe & Central Asia (IDA & IBRD countries),TEC,4789.6172,3185.2759,3350.5606,3380.8331,3472.5465,3552.6792,3524.6161,3435.8918,3714.3639,3566.9294,3583.2191,3650.9588
Carbon dioxide (CO2) emissions (total) excluding LULUCF (Mt CO2e),EN.GHG.CO2.MT.CE.AR5,European Union,EUU,3805.5183,3559.5714,3082.0529,3089.9324,3114.6913,3048.6211,2908.383,2638.4092,2818.308,2748.6639,2509.6953,2462.3895
Carbon dioxide (CO2) emissions (total) excluding LULUCF (Mt CO2e),EN.GHG.CO2.MT.CE.AR5,Fragile and conflict affected situations,FCS,1162.1504,873.315,907.6416,919.1941,914.9485,945.57,938.0153,845.7532,880.9717,836.8314,857.4115,869.0042
Carbon dioxide (CO2) emissions (total) excluding LULUCF (Mt CO2e),EN.GHG.CO2.MT.CE.AR5,Heavily indebted poor countries (HIPC),HPC,59.9558,85.0433,210.2328,223.9706,234.0451,247.2205,259.3434,256.1541,278.5806,288.2233,289.1843,298.875
Carbon dioxide (CO2) emissions (total) excluding LULUCF (Mt CO2e),EN.GHG.CO2.MT.CE.AR5,High income,HIC,14556.0018,15214.828,14857.7021,14731.2997,14714.049,14810.9199,14488.9312,13377.0749,14104.5489,14027.1412,13557.3502,13596.6177
Carbon dioxide (CO2) emissions (total) excluding LULUCF (Mt CO2e),EN.GHG.CO2.MT.CE.AR5,IBRD only,IBD,9803.8167,10895.6889,21323.0323,21417.9112,21961.4893,22784.9265,23217.0499,22792.5059,24147.9352,24350.696,25256.2848,25730.9744
Carbon dioxide (CO2) emissions (total) excluding LULUCF (Mt CO2e),EN.GHG.CO2.MT.CE.AR5,IDA & IBRD total,IBT,10258.6094,11474.4767,22173.5836,22334.3242,22929.7486,23769.4214,24225.4473,23819.1173,25245.5805,25454.3567,26334.9494,26842.8501
Carbon dioxide (CO2) emissions (total) excluding LULUCF (Mt CO2e),EN.GHG.CO2.MT.CE.AR5,IDA blend,IDB,308.3828,392.3311,473.68,505.2284,518.2893,509.3423,514.5001,537.153,574.2233,577.3607,550.2248,569.6012
Carbon dioxide (CO2) emissions (total) excluding LULUCF (Mt CO2e),EN.GHG.CO2.MT.CE.AR5,IDA only,IDX,146.4099,186.4567,376.8713,411.1846,449.97,475.1526,493.8973,489.4584,523.422,526.3,528.4398,542.2745
Carbon dioxide (CO2) emissions (total) excluding LULUCF (Mt CO2e),EN.GHG.CO2.MT.CE.AR5,IDA total,IDA,454.7927,578.7878,850.5513,916.413,968.2593,984.494899999999,1008.3974,1026.6114,1097.6453,1103.6607,1078.6646,1111.8757
Carbon dioxide (CO2) emissions (total) excluding LULUCF (Mt CO2e),EN.GHG.CO2.MT.CE.AR5,Late-demographic dividend,LTE,6869.6839,7331.5136,15492.1789,15519.2747,15843.0439,16479.0814,16849.7179,16831.8195,17703.7419,17624.7395,18208.383,18471.9457
Carbon dioxide (CO2) emissions (total) excluding LULUCF (Mt CO2e),EN.GHG.CO2.MT.CE.AR5,Latin America & Caribbean,LCN,965.3509,1351.0142,1863.0895,1826.5775,1814.145,1765.6136,1768.751,1583.4871,1716.4286,1724.8616,1748.2797,1771.5217
Carbon dioxide (CO2) emissions (total) excluding LULUCF (Mt CO2e),EN.GHG.CO2.MT.CE.AR5,Latin America & Caribbean (excluding high income),LAC,784.8839,1095.2873,1523.4632,1498.1652,1497.4947,1460.4281,1471.972,1346.4999,1475.7298,1464.8249,1496.7529,1517.9266
Carbon dioxide (CO2) emissions (total) excluding LULUCF (Mt CO2e),EN.GHG.CO2.MT.CE.AR5,Latin America & the Caribbean (IDA & IBRD countries),TLA,906.2403,1295.3903,1819.5656,1785.7643,1773.7286,1722.8746,1731.1711,1550.246,1679.4365,1688.5718,1711.0056,1732.3791
Carbon dioxide (CO2) emissions (total) excluding LULUCF (Mt CO2e),EN.GHG.CO2.MT.CE.AR5,Least developed countries: UN classification,LDC,75.2303,120.4596,309.7355,340.3809,368.7844,386.1354,402.2792,393.8451,427.2985,434.1375,435.3333,445.3562
Carbon dioxide (CO2) emissions (total) excluding LULUCF (Mt CO2e),EN.GHG.CO2.MT.CE.AR5,Low & middle income,LMY,7165.0059,9182.1875,19683.3495,19868.9989,20465.4938,21245.8188,21705.1808,21450.8985,22671.3569,22923.6503,23810.2609,24263.9608
Carbon dioxide (CO2) emissions (total) excluding LULUCF (Mt CO2e),EN.GHG.CO2.MT.CE.AR5,Low income,LIC,193.7675,159.8023,148.1003,150.7798,197.4832,199.9374,210.2014,200.7361,198.184,200.6591,205.5492,207.307
Carbon dioxide (CO2) emissions (total) excluding LULUCF (Mt CO2e),EN.GHG.CO2.MT.CE.AR5,Lower middle income,LMC,1214.6827,1851.4583,3744.2803,3882.5042,4089.5754,4259.6049,4320.3133,4136.1904,4461.5151,4684.3753,4943.1175,5187.3605
Carbon dioxide (CO2) emissions (total) excluding LULUCF (Mt CO2e),EN.GHG.CO2.MT.CE.AR5,"Middle East, North Africa, Afghanistan & Pakistan",MEA,983.2619,1516.6216,2810.6208,2862.4049,2936.2446,2904.2012,2973.6774,2964.2946,3109.3599,3182.5394,3242.4211,3306.1831
Carbon dioxide (CO2) emissions (total) excluding LULUCF (Mt CO2e),EN.GHG.CO2.MT.CE.AR5,"Middle East, North Africa, Afghanistan & Pakistan (excluding high income)",MNA,637.1302,969.6435,1600.19,1645.0072,1732.429,1739.632,1792.2666,1801.2118,1913.5918,1946.8373,1978.2436,2005.9608
Carbon dioxide (CO2) emissions (total) excluding LULUCF (Mt CO2e),EN.GHG.CO2.MT.CE.AR5,"Middle East, North Africa, Afghanistan & Pakistan (IDA & IBRD)",TMN,637.1302,969.6435,1600.19,1645.0072,1732.429,1739.632,1792.2666,1801.2118,1913.5918,1946.8373,1978.2436,2005.9608
Carbon dioxide (CO2) emissions (total) excluding LULUCF (Mt CO2e),EN.GHG.CO2.MT.CE.AR5,Middle income,MIC,6971.2384,9022.3852,19535.2492,19718.2191,20268.0106,21045.8814,21494.9794,21250.1624,22473.1729,22722.9912,23604.7117,24056.6538
Carbon dioxide (CO2) emissions (total) excluding LULUCF (Mt CO2e),EN.GHG.CO2.MT.CE.AR5,North America,NAC,5424.3571,6472.0194,5707.5941,5603.362,5551.6362,5731.2589,5577.2905,5015.5361,5316.3576,5391.8592,5185.6227,5210.4048
Carbon dioxide (CO2) emissions (total) excluding LULUCF (Mt CO2e),EN.GHG.CO2.MT.CE.AR5,Not classified,INX,..,..,..,..,..,..,..,..,..,..,..,..
Carbon dioxide (CO2) emissions (total) excluding LULUCF (Mt CO2e),EN.GHG.CO2.MT.CE.AR5,OECD members,OED,11891.4781,13400.819,12557.4039,12485.184,12485.0968,12529.2073,12165.5762,11122.71,11707.0356,11616.9634,11105.9495,11059.5271
Carbon dioxide (CO2) emissions (total) excluding LULUCF (Mt CO2e),EN.GHG.CO2.MT.CE.AR5,Other small states,OSS,57.6511,42.8534,52.0157,52.2077,54.1873,55.6892,47.4756,44.3972,46.3465,48.9021,45.763,45.174
Carbon dioxide (CO2) emissions (total) excluding LULUCF (Mt CO2e),EN.GHG.CO2.MT.CE.AR5,Pacific island small states,PSS,3.6535,4.2006,3.8315,3.7919,3.7361,4.0077,4.041,3.4836,3.926,3.9722,3.9786,4.1718
Carbon dioxide (CO2) emissions (total) excluding LULUCF (Mt CO2e),EN.GHG.CO2.MT.CE.AR5,Post-demographic dividend,PST,11924.719,12788.7456,11550.8111,11427.0312,11356.0868,11434.3104,11073.9973,10081.3739,10578.4779,10444.4388,9946.0073,9890.3613
Carbon dioxide (CO2) emissions (total) excluding LULUCF (Mt CO2e),EN.GHG.CO2.MT.CE.AR5,Pre-demographic dividend,PRE,203.2143,271.6011,450.5748,482.045,492.6053,520.0764,547.1238,522.3588,572.3993,603.2307,608.4563,624.9559
Carbon dioxide (CO2) emissions (total) excluding LULUCF (Mt CO2e),EN.GHG.CO2.MT.CE.AR5,Small states,SST,78.4315,71.5259,100.3535,98.3437,98.6119,100.3078,94.0623000000001,86.8589,88.5178,91.5158,86.554,86.2562
Carbon dioxide (CO2) emissions (total) excluding LULUCF (Mt CO2e),EN.GHG.CO2.MT.CE.AR5,South Asia,SAS,621.0509,1039.7875,2393.606,2443.3777,2581.9352,2701.9468,2701.5631,2502.7736,2759.1305,2967.0954,3173.8789,3320.7207
Carbon dioxide (CO2) emissions (total) excluding LULUCF (Mt CO2e),EN.GHG.CO2.MT.CE.AR5,South Asia (IDA & IBRD),TSA,621.0509,1039.7875,2393.606,2443.3777,2581.9352,2701.9468,2701.5631,2502.7736,2759.1305,2967.0954,3173.8789,3320.7207
Carbon dioxide (CO2) emissions (total) excluding LULUCF (Mt CO2e),EN.GHG.CO2.MT.CE.AR5,Sub-Saharan Africa,SSF,481.295,571.5449,833.3204,848.5311,854.0913,875.7078,894.5011,850.2098,887.1836,877.941,871.0129,896.3403
Carbon dioxide (CO2) emissions (total) excluding LULUCF (Mt CO2e),EN.GHG.CO2.MT.CE.AR5,Sub-Saharan Africa (excluding high income),SSA,478.8416,566.9138,818.8238,831.3996,837.0649,857.2329,875.1238,831.3552,867.3013,858.7637,851.1569,876.0973
Carbon dioxide (CO2) emissions (total) excluding LULUCF (Mt CO2e),EN.GHG.CO2.MT.CE.AR5,Sub-Saharan Africa (IDA & IBRD countries),TSS,481.295,571.5449,833.320399999999,848.5311,854.0913,875.7078,894.5011,850.2098,887.1836,877.941,871.0129,896.3403
Carbon dioxide (CO2) emissions (total) excluding LULUCF (Mt CO2e),EN.GHG.CO2.MT.CE.AR5,Upper middle income,UMC,5756.5557,7170.9269,15790.9689,15835.7149,16178.4352,16786.2765,17174.6661,17113.972,18011.6578,18038.6159,18661.5942,18869.2933
Carbon dioxide (CO2) emissions (total) excluding LULUCF (Mt CO2e),EN.GHG.CO2.MT.CE.AR5,World,WLD,22660.0793635616,25694.728676422,36292.5234154345,36390.7852703318,37020.0281885751,37905.9615465527,38008.4891307628,36209.8616367057,38219.9967667893,38548.1189427624,39112.6887901013,39632.6642185422
,,,,,,,,,,,,,,,
,,,,,,,,,,,,,,,
,,,,,,,,,,,,,,,
Data from database: World Development Indicators,,,,,,,,,,,,,,,
Last Updated: 01/28/2026,,,,,,,,,,,,,,,
